<!DOCTYPE article PUBLIC "-//OASIS//DTD DocBook XML V4.3//EN"
                  "http://www.oasis-open.org/docbook/xml/4.3/docbookx.dtd">
<article>
  <articleinfo>
  <title>XML11</title>
  <subtitle>An Abstract Windowing Protocol</subtitle>
  <author>
    <firstname>Arno</firstname>
    <surname>Puder</surname>
    <affiliation>
      <address><email>arno@puder.org</email></address>
    </affiliation>  
  </author>
  <author>
    <firstname>Wolfgang</firstname>
    <surname>Korn</surname>
    <affiliation>
      <address><email>wolfgang.korn@gmx.de</email></address>
    </affiliation>  
  </author>
  </articleinfo>
<sect1>
  <title>Section 1 Title</title>
<para>
  <mediaobject>
    <imageobject>
      <imagedata fileref="xml11_medium.jpg"/> 
    </imageobject>
  </mediaobject>
This is a paragraph.
</para>
<para>
This is how you create an non-numbered list.
</para>
<itemizedlist>
  <listitem>
  <para>This is a list entry</para>
  </listitem>
  <listitem>
  <para>This is another list entry</para>
  </listitem>
</itemizedlist>
<para>
This is how you create a numbered list.
</para>
<orderedlist>
  <listitem>
  <para>This is a list entry</para>
  </listitem>
  <listitem>
  <para>This is another list entry</para>
  </listitem>
</orderedlist>
  <sect2>
    <title>Section 2 Title</title>
    <para>
This is another paragraph...
    </para>
<programlistingco>
<areaspec units="linecolumn">
<area id="sco123" coords="1 1"/>
<area id="sco124" coords="6 9"/>
</areaspec>
<programlisting>
<systemitem class="prompt">%</systemitem> <userinput>make install</userinput>
install -c -m 0644 rgb.txt /usr/lib/X11
install -c -m 0644 rgb.dir /usr/lib/X11
install -c -m 0644 rgb.pag /usr/lib/X11
install -c -s showrgb /usr/lib/X11
install in ./rgb done

</programlisting>
<calloutlist>
<title>Comments on the Screen Shown Above</title>
<callout arearefs="sco123">
<para>Note % prompt.</para>
</callout>
<callout arearefs="sco124">
<para>Note use of install without flag.
</para>
</callout>
</calloutlist>
</programlistingco>
  </sect2>
  <sect2>
  <title>Section 2 pt. 2</title>
    <para>
Yet another paragraph...
    </para>
<example>
<programlisting linenumbering="numbered">
if (x == 0)<co id="condition-co" linkends="condition"/>
  return x;
</programlisting>
<calloutlist>
  <callout arearefs="condition-co"  id="condition">
    <para>Make this conditional.</para>
  </callout>
</calloutlist>
</example>
  </sect2>
<important>This is really important.</important>
</sect1>
</article>

